Grenavitar,2005-10-20 01:54:00,1,2,533,8342,5767,276,610,48,4,77,112,609,19,71,9,0,0,740,unknown,328,60,72,1,0,8,7,1,0,149,1
Grm wnr,2005-06-11 20:48:00,1,0,66,5994,4950,108,62,22,0,54,2,511,107,161,2,1,0,14,unknown,379,0,2,0,0,0,0,0,0,2,1
Ground Zero,2005-08-13 18:45:00,1,0,37,4912,3711,118,373,0,0,29,35,293,23,1,3,0,0,326,unknown,128,111,50,0,3,12,2,0,0,178,1
Grue,2005-06-14 19:30:00,1,8,51,1247,276,55,73,0,0,0,7,762,21,0,0,0,0,53,unknown,291,119,46,1,0,7,1,0,0,174,1
GTBacchus,2005-12-14 05:39:00,1,0,138,6060,4858,88,167,1,0,9,0,604,69,16,0,0,0,248,male,1076,13,36,1,1,2,0,0,0,53,1
Guettarda,2005-06-13 15:56:00,1,15,189,4544,2656,462,502,4,0,6,1,352,66,67,0,0,0,428,unknown,292,80,78,3,5,8,3,0,0,177,1
Gurubrahma,2005-11-29 16:46:00,1,11,80,3148,2193,64,388,1,0,15,36,135,43,9,7,0,0,257,unknown,214,7,7,0,0,0,1,0,3,18,1
Gyrofrog,2005-09-26 20:13:00,1,0,67,2867,1759,63,315,22,0,18,6,285,8,13,0,0,0,378,unknown,541,23,72,1,3,2,6,1,0,108,1
Hamster Sandwich,2005-11-26 09:29:00,1,37,22,1504,326,116,331,0,0,0,0,665,12,0,0,0,0,54,unknown,135,19,155,0,4,8,7,0,0,193,1
Harro5,2005-11-20 03:51:00,1,0,95,4695,2923,26,405,8,0,47,23,943,48,20,0,0,0,252,unknown,252,18,135,0,9,6,2,0,0,170,1
Hashar,2005-07-13 19:35:00,1,0,11,686,629,11,12,0,0,0,0,19,1,10,1,0,0,3,unknown,780,0,1,0,0,0,0,0,0,1,1
Henrygb,2005-04-01 02:11:00,1,0,551,2673,2063,16,123,1,1,6,4,220,23,25,4,0,0,187,unknown,505,10,69,0,3,1,4,0,0,87,1
Hermione1980,2005-10-11 11:56:00,1,5,10,978,407,3,155,0,0,1,0,287,25,0,0,0,0,100,unknown,199,14,27,0,1,3,1,0,0,46,1
HorsePunchKid,2005-11-25 03:31:00,1,0,41,2892,1899,120,154,2,0,10,3,380,34,4,0,0,0,286,unknown,579,10,56,0,4,4,4,0,0,78,1
Howcheng,2005-12-18 19:06:00,1,17,262,7666,4548,118,268,4,0,17,1,2227,42,103,0,0,0,338,male,172,8,35,1,6,5,6,0,0,61,1
Humblefool,2005-07-26 06:35:00,1,3,29,1220,494,6,82,0,0,1,0,576,34,0,0,0,0,27,unknown,402,18,116,0,0,10,8,1,0,153,1
Ianblair23,2005-11-10 00:58:00,1,5,350,10108,8085,666,187,19,0,76,0,454,19,37,4,0,0,561,male,343,4,0,0,0,0,0,0,0,4,1
Ianbrown,2005-12-12 02:52:00,1,8,0,0,0,0,0,0,0,0,0,0,0,0,0,0,0,0,unknown,747,0,0,0,0,0,0,0,0,0,0
Icairns,2005-01-27 22:22:00,1,0,265,761,716,0,9,5,0,1,0,12,0,13,0,0,0,5,male,271,9,7,1,2,0,0,0,0,19,1
IceKarma,2005-09-18 01:43:00,1,0,14,1693,1150,137,82,1,0,26,8,229,2,3,1,0,0,54,female,792,0,5,0,0,1,0,1,0,7,1
Improv,2005-02-12 22:44:00,1,13,4,284,144,35,16,0,0,0,0,46,20,0,0,0,0,23,unknown,108,19,145,0,0,12,5,2,0,183,1
Inter,2005-03-24 16:02:00,1,2,717,3138,1520,124,291,5,0,18,2,533,10,1,0,0,0,634,male,165,8,165,0,5,3,1,0,0,182,1
Ixfd64,2005-09-14 09:08:00,1,1,489,3655,2960,75,226,2,0,53,9,256,26,5,2,0,0,41,male,1006,21,50,1,4,6,5,1,0,88,1
Izehar,2005-12-17 21:50:00,1,60,14,4954,1831,20,1928,0,0,17,3,867,60,5,0,0,0,223,unknown,55,19,157,0,0,1,1,0,0,178,1
Jacoplane,2005-12-18 19:49:00,1,4,22,2354,1311,12,214,7,0,32,9,332,132,3,1,0,0,301,unknown,702,2,6,0,0,2,1,0,0,11,1
JamesTeterenko,2005-07-20 13:42:00,1,15,168,1201,859,34,87,7,0,2,0,147,1,9,0,0,0,55,male,414,42,116,0,1,10,2,1,0,172,1
Jaxl,2005-09-23 23:54:00,1,22,136,7236,6148,41,123,97,0,44,2,628,1,11,0,0,0,141,unknown,91,1,0,0,0,0,0,0,0,1,1
Jcw69,2005-10-12 19:12:00,1,0,575,4466,3839,230,231,12,0,6,0,57,2,5,0,0,0,84,male,512,1,0,0,0,0,0,0,0,1,1
Jdavidb,2005-09-22 20:17:00,1,0,27,1621,996,47,152,0,0,0,3,97,29,5,2,0,0,290,unknown,581,6,28,0,2,2,1,0,0,39,1
Jeffrey O. Gustafson,2005-10-27 08:03:00,1,0,30,1586,717,9,154,6,0,3,1,585,11,0,0,0,0,100,unknown,304,5,143,1,1,4,3,1,3,161,1
JesseW,2005-08-25 03:17:00,1,0,81,1873,589,185,240,3,0,15,8,589,92,41,16,0,0,95,unknown,629,11,95,0,0,3,4,0,0,113,1
Jinian,2005-04-06 10:03:00,1,0,1041,1787,1665,6,8,1,0,11,0,49,12,6,0,0,0,29,unknown,985,2,5,0,0,0,0,0,0,7,1
JIP,2005-09-02 17:48:00,1,1,340,7084,3471,116,360,0,0,18,0,2560,113,27,3,0,0,416,male,190,16,128,1,0,7,5,3,1,161,1
Jkelly,2005-11-16 18:29:00,1,8,65,4005,2428,31,486,30,0,4,31,542,121,10,0,0,0,322,unknown,83,29,93,5,9,23,16,1,2,178,1
Jnothman,2005-12-18 12:48:00,1,2,46,3095,1415,314,389,7,0,36,28,679,89,23,7,0,0,108,unknown,411,10,151,0,10,5,3,2,0,181,1
JoanneB,2005-11-12 01:26:00,1,11,68,6804,4379,141,1611,1,0,6,1,488,7,6,0,0,0,164,female,90,3,54,0,2,0,1,0,0,60,1
Joe Beaudoin Jr.,2005-12-13 22:19:00,1,0,40,1189,526,48,312,4,0,10,2,196,5,0,0,0,0,86,unknown,312,10,12,0,0,0,1,0,0,23,1
Johann Wolfgang,2005-11-05 21:03:00,1,28,108,3524,1418,386,1334,5,4,3,9,160,15,1,6,0,0,183,unknown,134,0,0,0,0,0,0,0,0,0,1
Johntex,2005-10-19 14:14:00,1,9,72,2529,1246,43,381,1,0,0,1,428,33,4,1,0,0,391,unknown,314,27,102,0,4,6,5,0,0,144,1
Jondel,2005-07-30 02:14:00,1,31,186,3957,1873,321,322,0,0,0,0,787,135,7,3,0,0,509,unknown,572,45,33,0,2,0,0,0,1,81,1
Joolz,2005-09-02 00:40:00,1,6,145,7571,5688,187,217,5,2,181,33,678,143,38,0,0,0,399,unknown,313,21,150,2,4,5,2,0,0,184,1
Journalist,2005-09-24 19:44:00,1,1,7,2714,1195,20,1158,29,0,1,1,227,14,3,0,0,0,66,male,85,10,12,1,1,1,0,0,0,25,1
JRM,2005-05-01 00:09:00,1,0,37,1753,472,188,242,0,0,30,16,470,146,0,0,0,0,189,male,249,40,77,0,1,13,4,1,0,136,1
Justinc,2005-10-07 20:54:00,1,0,230,4055,3033,83,217,12,3,4,1,223,133,88,18,0,0,240,male,369,7,10,0,0,1,0,0,0,18,1
JWSchmidt,2005-12-04 04:50:00,1,0,63,3244,1766,352,241,15,1,34,27,227,43,19,1,0,0,518,unknown,1012,13,17,1,0,2,2,0,0,35,1
JYolkowski,2005-05-29 01:25:00,1,8,65,2760,1856,52,349,7,0,29,12,326,24,6,0,0,0,99,unknown,226,89,4,0,0,61,10,0,0,164,1
Kaldari,2005-08-03 04:12:00,1,2,78,3016,1863,83,134,8,2,17,11,430,132,3,0,0,0,333,unknown,472,27,72,0,1,24,5,1,0,130,1
Kbdank71,2005-06-10 13:42:00,1,19,2,11857,7633,64,204,2,0,29,3,3045,103,740,9,1,0,24,male,108,1,9,0,0,1,0,0,0,11,1
Kbh3rd,2005-11-28 19:14:00,1,0,43,2380,1521,114,207,124,21,1,2,222,14,2,0,0,0,152,male,491,1,24,0,0,0,0,0,0,25,1
Kirill Lokshin,2005-10-22 07:39:00,1,26,30,5547,2617,113,275,1,0,88,0,375,120,92,0,0,0,1866,male,137,20,4,0,0,1,1,0,0,26,1
Kmccoy,2005-07-26 22:38:00,1,2,6,1201,505,162,223,1,0,10,2,172,26,1,0,0,0,99,male,409,3,8,0,0,1,0,1,0,13,1
KnowledgeOfSelf,2005-12-24 03:03:00,1,39,21,2171,873,140,893,1,0,0,0,217,7,2,0,0,0,38,unknown,92,3,17,0,0,0,0,0,0,20,1
Kzollman,2005-10-12 18:55:00,1,0,70,2606,1673,90,154,0,0,13,4,410,44,6,2,0,0,210,unknown,226,38,51,0,0,15,12,2,0,118,1
Lacrimosus,2005-08-04 08:41:00,1,10,207,4729,3359,128,297,0,0,11,10,618,26,2,0,0,0,278,unknown,426,22,138,1,2,7,4,2,0,176,1
Lbmixpro,2005-12-05 16:11:00,1,0,0,0,0,0,0,0,0,0,0,0,0,0,0,0,0,0,unknown,64,0,0,0,0,0,0,0,0,0,0
Lectonar,2005-09-05 08:47:00,1,6,33,6286,4927,102,572,0,0,5,0,574,34,12,0,1,0,59,male,305,37,73,1,1,8,4,1,0,125,1
Leithp,2005-12-10 17:28:00,1,4,121,4196,3081,24,459,0,0,4,2,397,31,39,0,0,0,159,unknown,255,24,95,0,1,1,0,0,0,121,1
Lommer,2005-04-20 23:50:00,1,0,175,848,611,38,28,7,0,12,10,72,16,4,0,0,0,50,unknown,710,1,4,0,0,0,0,0,0,5,1
LordAmeth,2005-10-06 16:40:00,1,0,297,2488,1772,376,38,23,0,31,2,71,63,23,3,0,0,86,unknown,306,16,7,0,0,2,0,0,0,25,1
Lucky 6.9,2005-08-02 23:53:00,1,15,145,11124,4703,142,2325,7,0,0,0,3797,20,0,0,0,0,130,unknown,506,14,70,0,7,3,2,1,0,97,1
Mairi,2005-10-01 05:11:00,1,2,31,4235,3151,43,107,24,0,89,4,603,27,117,4,0,0,66,unknown,407,6,15,0,0,1,0,0,0,22,1
Malo,2005-12-13 20:50:00,1,3,335,6495,4718,152,1083,6,0,26,3,394,6,1,0,0,0,106,unknown,397,13,84,0,7,2,1,0,0,107,1
Marianocecowski,2005-08-23 15:52:00,1,0,113,3096,2352,47,139,0,0,40,13,188,26,107,0,0,0,184,male,281,14,69,1,8,4,1,0,0,97,1
Mark Dingemanse,2005-03-08 17:23:00,1,1,51,1285,511,69,226,18,0,6,7,229,46,7,0,0,0,166,unknown,142,18,135,1,1,9,2,2,0,168,1
MarkGallagher,2005-11-18 16:40:00,1,19,117,2676,1738,53,256,26,0,4,0,422,24,4,0,0,0,149,unknown,380,25,68,5,5,14,19,1,3,140,1
MarkSweep,2005-07-30 07:53:00,1,8,108,2597,1421,21,226,30,0,23,36,590,60,1,1,0,0,188,unknown,478,15,69,2,0,5,4,0,0,95,1
Marudubshinki,2005-09-24 06:13:00,1,3,152,3886,2267,177,350,1,0,3,0,192,15,0,0,0,0,881,unknown,222,13,11,0,1,1,0,0,0,26,1
Master Thief Garrett,2005-07-15 07:39:00,1,0,14,3819,1221,149,274,9,0,15,11,1797,56,0,3,0,0,284,male,96,3,120,0,0,10,1,1,0,135,1
MC MasterChef,2005-11-01 18:27:00,1,0,30,2186,1164,140,431,1,0,24,1,232,59,5,0,0,0,129,unknown,243,1,15,0,0,0,0,0,0,16,1
Mel Etitis,2005-03-30 09:06:00,1,2,106,5782,2986,153,1378,5,0,2,1,441,72,13,1,0,0,730,unknown,92,31,143,0,1,3,1,0,0,179,1
Miborovsky,2005-11-17 05:44:00,1,2,151,2432,1305,32,333,1,2,31,6,252,71,4,1,0,0,394,unknown,227,3,21,0,0,1,0,0,0,25,1
Mike Rosoft,2005-12-23 10:19:00,1,0,259,4738,2419,132,319,15,1,13,2,1664,15,6,0,0,0,152,male,561,3,61,0,0,0,0,0,0,64,1
Mindmatrix,2005-11-27 02:37:00,1,1,162,18511,16693,307,181,0,0,62,0,734,60,145,3,2,0,324,unknown,332,27,121,0,2,3,0,1,0,154,1
Mindspillage,2005-04-11 18:12:00,1,9,92,2380,1443,91,222,0,0,1,3,431,19,32,5,0,0,133,female,294,3,12,0,0,4,0,0,0,19,1
Mo0,2005-12-10 06:59:00,1,6,10,1979,932,155,242,3,2,3,1,532,14,0,0,0,0,95,unknown,417,12,109,0,1,1,4,1,0,128,1
MONGO,2005-11-12 17:40:00,1,44,92,6626,3677,48,1071,2,0,2,1,491,150,9,0,0,0,1175,male,299,0,42,0,0,1,0,0,0,43,1
Moriori,2005-07-13 02:11:00,1,0,67,1517,1161,11,133,2,0,3,0,71,3,1,1,0,0,131,unknown,635,27,73,0,0,2,0,0,0,102,1
Mulad,2005-05-30 01:51:00,1,0,1746,8479,7804,95,48,9,0,35,71,147,22,63,0,0,0,185,male,734,2,5,0,0,0,1,0,0,8,1
Mushroom,2005-11-24 03:31:00,1,2,69,3082,2485,36,326,2,0,28,2,94,2,13,0,0,0,94,male,712,4,4,0,0,1,0,0,0,9,1
Musical Linguist,2005-11-14 02:09:00,1,0,14,2215,1215,29,422,0,0,10,0,183,64,0,0,0,0,292,unknown,219,0,0,0,0,0,0,0,0,0,1
Mysekurity,2005-10-31 00:16:00,1,8,53,1512,529,31,450,6,0,9,0,391,8,1,3,0,0,84,unknown,170,17,144,0,1,8,3,1,1,175,1
Nabla,2005-09-30 18:54:00,1,0,145,3104,1842,208,46,0,0,9,5,804,49,21,0,0,0,120,male,427,10,51,0,2,5,3,1,0,72,1
Necrothesp,2005-10-28 18:34:00,1,0,385,7417,6224,56,159,0,1,8,2,179,12,326,3,0,0,447,male,545,36,32,0,0,1,0,0,0,69,1
NicholasTurnbull,2005-09-30 14:52:00,1,11,0,0,0,0,0,0,0,0,0,0,0,0,0,0,0,0,unknown,2198,0,0,0,0,0,0,0,0,0,0
Nickptar,2005-09-04 02:26:00,1,4,16,2602,859,122,233,0,1,21,3,884,210,1,0,0,0,268,unknown,482,23,59,3,1,8,3,1,0,98,1
Nickshanks,2005-10-09 16:45:00,1,2,101,2168,1618,179,125,3,0,66,7,81,9,6,0,0,0,74,unknown,416,1,1,0,0,0,1,0,0,3,1
Nlu,2005-11-12 04:19:00,1,1,151,7759,4261,171,2233,0,0,62,0,766,32,42,2,0,0,190,male,110,1,17,0,13,0,0,0,0,31,1
NSLE,2005-12-02 07:07:00,1,50,17,2996,1209,123,497,6,0,70,0,715,51,1,0,0,0,324,unknown,74,7,49,0,8,3,1,0,0,68,2
Nufy8,2005-08-24 00:03:00,1,1,29,2384,1410,160,546,13,0,20,3,108,4,2,0,0,0,118,unknown,255,9,101,13,3,1,2,0,0,129,1
Oleg Alexandrov,2005-09-18 16:22:00,1,15,243,13981,8815,315,1656,1,0,37,61,1491,447,53,6,0,0,1099,unknown,277,25,119,0,0,5,7,0,0,156,1
Orioane,2005-12-05 11:14:00,1,1,40,1483,1173,30,126,2,0,11,0,44,5,8,0,0,0,84,unknown,125,1,3,0,1,0,0,0,0,5,1
OwenX,2005-09-30 01:54:00,1,15,27,1636,806,125,364,2,0,2,2,261,6,2,0,1,0,65,unknown,276,29,35,5,0,11,5,0,0,85,1
Pablo-flores,2005-12-07 22:47:00,1,2,445,4717,3307,51,200,2,0,72,12,408,69,28,0,0,0,568,unknown,705,5,24,3,0,0,0,0,0,32,1
Pamri,2005-10-30 17:09:00,1,0,146,3025,1835,48,485,15,0,69,12,267,31,59,4,0,0,200,unknown,584,0,8,0,0,0,0,0,0,8,1
Pathoschild,2005-12-04 02:53:00,1,0,9,2819,367,52,1054,1,0,217,58,334,98,16,0,0,0,622,unknown,189,0,2,0,0,0,0,0,0,2,1
Phil Boswell,2005-08-16 15:43:00,1,0,86,5061,3369,178,225,5,0,83,58,613,158,48,29,1,0,294,male,685,16,5,0,0,3,0,0,0,24,1
Philwelch,2005-11-01 01:55:00,1,5,37,6835,3880,134,406,1,0,102,96,1126,63,2,0,0,0,1025,male,639,33,102,0,4,4,3,1,1,148,1
Physchim62,2005-10-30 16:01:00,1,1,239,5803,3112,177,197,4,0,254,1,1462,129,114,0,0,0,353,unknown,183,7,104,1,8,3,2,3,0,128,1
Pjacobi,2005-05-31 05:13:00,1,0,61,1179,661,34,56,0,0,2,0,152,9,8,1,0,0,256,unknown,330,15,162,0,0,4,0,0,0,181,1
Psy guy,2005-11-05 02:58:00,1,4,3,2431,787,318,1132,0,0,4,5,149,3,0,0,0,0,33,unknown,110,5,13,0,1,0,0,0,0,19,1
Pepperpiggle,2010-03-14 14:50:00,0,10,0,0,0,0,0,0,0,0,0,0,0,0,0,0,0,0,unknown,0,0,0,0,0,0,0,0,0,0,28
PopMusicWillNeverBeLowBrow,2010-04-13 21:51:00,0,0,0,0,0,0,0,0,0,0,0,0,0,0,0,0,0,0,unknown,0,0,0,0,0,0,0,0,0,0,1
Porchcrop,2010-11-08 07:39:00,0,0,0,0,0,0,0,0,0,0,0,0,0,0,0,0,0,0,unknown,0,0,0,0,0,0,0,0,0,0,12
ProcEnforce,2010-07-20 20:13:00,0,0,28,352,241,28,21,38,0,18,0,5,0,0,0,0,0,1,male,403,0,2,0,0,0,0,0,0,2,10
Raaggio,2010-04-08 03:36:00,0,0,0,0,0,0,0,0,0,0,0,0,0,0,0,0,0,0,unknown,0,0,0,0,0,0,0,0,0,0,13
Tiptoety,2008-02-25 01:22:00,1,1,16,2995,550,90,1235,3,0,8,4,1047,25,1,0,0,0,32,male,300,10,75,1,8,5,1,0,0,100,3
TravisTX,2008-02-26 19:51:00,1,17,4,1186,194,7,474,0,0,1,0,475,7,0,0,0,0,28,male,900,10,41,0,12,1,5,0,0,69,6
Ultraexactzz,2008-01-24 22:02:00,1,48,22,1642,260,72,177,23,2,1,3,975,83,1,1,0,0,44,male,764,13,64,0,0,3,5,0,1,86,4
VanTucky,2008-04-16 19:05:00,1,73,0,0,0,0,0,0,0,0,0,0,0,0,0,0,0,0,unknown,89,0,0,0,0,0,0,0,0,0,2
Victuallers,2008-01-14 18:15:00,1,0,124,1366,430,86,220,1,0,37,47,87,7,2,0,0,0,449,male,445,52,69,1,1,14,2,0,0,139,10
WBOSITG,2008-05-06 19:04:00,1,73,0,0,0,0,0,0,0,0,0,0,0,0,0,0,0,0,unknown,0,0,0,0,0,0,0,0,0,0,47
Wehwalt,2008-12-09 23:34:00,1,1,77,15650,10681,193,517,29,1,25,10,1393,722,1,0,0,0,2078,male,1171,35,86,1,2,3,1,0,0,128,16
Werdna,2008-05-21 06:09:00,1,16,37,3278,900,111,1011,2,0,58,1,1083,72,1,0,0,0,39,male,1032,2,32,0,0,0,0,0,0,34,38
WilliamH,2008-07-30 07:29:00,1,13,45,5378,1177,58,1463,44,0,24,7,819,13,0,0,0,0,1773,male,804,15,26,13,2,2,1,0,0,59,3
Xavexgoem,2008-06-11 04:18:00,1,0,1,2696,703,272,392,0,0,8,1,701,117,0,0,1,0,501,male,280,6,7,0,0,2,0,0,0,15,25
Xenocidic,2008-05-28 00:58:00,1,12,216,0,0,0,0,0,0,0,0,0,0,0,0,0,0,0,unknown,235,0,0,0,0,0,0,0,0,0,1
Xymmax,2008-10-06 14:11:00,1,8,5,2853,765,71,722,1,0,4,0,1044,12,0,0,0,0,234,unknown,536,14,15,0,0,14,3,1,0,47,19
Ynhockey,2008-10-21 18:45:00,1,1,1521,22795,17248,906,1180,15,0,345,85,565,318,112,20,0,0,2001,male,1444,27,32,0,1,3,0,0,0,63,37
Zedla,2008-03-03 22:33:00,1,0,80,2038,1115,18,601,13,0,18,2,125,7,0,0,0,0,139,unknown,620,7,21,0,2,8,1,0,0,39,2
21655,2008-03-17 22:08:00,0,0,1,6191,2853,229,2558,0,0,19,0,441,17,2,0,0,0,72,unknown,959,0,25,1,0,1,2,0,0,29,2
A Cool Editor,2008-09-17 14:17:00,0,0,0,0,0,0,0,0,0,0,0,0,0,0,0,0,0,0,unknown,18,0,0,0,0,0,0,0,0,0,2
AaronSchell,2008-06-03 07:54:00,0,0,0,19,0,16,0,0,0,0,0,3,0,0,0,0,0,0,unknown,251,0,0,0,0,0,0,0,0,0,1
Abd,2008-02-10 04:08:00,0,0,3,943,161,15,174,0,0,0,1,150,113,0,0,1,0,328,unknown,1099,51,4,6,0,5,0,0,0,66,2
ACBest,2008-02-06 16:19:00,0,0,27,1046,247,418,260,0,0,28,3,51,2,0,0,0,0,37,unknown,440,0,1,0,0,0,0,0,0,1,2
Addshore,2008-05-13 17:11:00,0,5,4,22487,10710,642,9470,6,0,88,10,1350,48,6,1,1,0,155,unknown,890,1,1,0,0,1,0,1,0,4,14
AdirondackMan,2008-12-13 05:38:00,0,0,0,150,69,10,53,0,0,0,0,15,0,0,0,0,0,3,unknown,162,0,0,0,0,0,0,0,0,0,1
Adolphus79,2008-11-26 02:19:00,0,0,45,7927,3455,270,2037,44,1,22,35,725,131,10,2,0,0,1195,male,954,9,57,0,5,5,2,0,0,78,20
Aitias,2008-02-03 01:27:00,0,0,8,15622,7287,48,7443,1,1,20,4,480,12,11,0,0,0,315,unknown,62,1,0,0,0,0,0,0,0,1,1
Alan De Smet,2008-10-27 06:39:00,0,0,24,3490,2365,142,302,111,3,2,1,44,11,0,0,0,0,509,male,1793,5,1,0,0,0,1,0,0,7,2
AlanH,2008-01-12 15:50:00,0,0,42,68,34,5,8,2,0,0,0,7,0,0,0,0,0,12,unknown,1213,1,0,0,0,0,0,0,0,1,1
AlbertHerring,2008-03-17 01:40:00,0,0,0,0,0,0,0,0,0,0,0,0,0,0,0,0,0,0,unknown,469,4,0,1,1,0,0,0,0,6,0
Ali'i,2008-06-12 17:07:00,0,7,84,2314,1197,24,320,39,1,2,1,340,90,0,0,0,0,300,unknown,666,1,4,0,0,3,0,0,0,8,8
Ammar gerrard117,2008-06-06 04:54:00,0,0,4,73,25,31,9,0,0,0,0,8,0,0,0,0,0,0,unknown,9,0,1,0,0,0,0,0,0,1,1
Anon126,2008-02-20 10:19:00,0,0,4,108,3,90,4,0,0,1,0,8,0,0,0,0,0,2,unknown,63,1,5,0,0,1,0,0,0,7,1
Asenine,2008-03-01 13:18:00,0,0,24,1521,436,148,752,26,0,2,0,131,1,0,0,0,0,25,unknown,521,20,136,4,1,4,0,0,1,166,3
Autocracy,2008-03-12 22:30:00,0,3,3,1170,358,44,475,19,0,0,0,231,5,0,0,0,0,38,unknown,638,20,50,3,7,4,0,0,0,84,3
Avruch,2008-06-15 00:43:00,0,81,0,0,0,0,0,0,0,0,0,0,0,0,0,0,0,0,unknown,443,0,0,0,0,0,0,0,0,0,9
Basketball110,2008-05-04 12:38:00,0,22,192,10675,3055,577,4728,0,0,58,3,1027,78,10,0,0,0,1139,unknown,180,2,10,0,0,2,0,0,0,14,4
bassman91,2008-03-23 01:01:00,0,0,1,27,12,2,1,0,0,0,0,12,0,0,0,0,0,0,unknown,330,0,0,0,0,0,0,0,0,0,1
Benjah-bmm27,2008-03-05 04:51:00,0,0,133,1678,1349,30,102,1,0,4,0,35,21,15,1,0,0,120,male,1113,0,0,0,0,0,0,0,0,0,2
Bjaco18,2008-05-24 22:16:00,0,0,17,579,231,155,140,33,0,3,0,14,0,0,0,0,0,3,unknown,60,0,0,0,0,0,0,0,0,0,1
Blakegripling ph,2008-06-27 05:00:00,0,0,21,1389,797,253,171,6,0,8,0,83,32,0,0,0,0,39,male,859,3,35,0,4,4,0,0,0,46,10
Blanchardb,2008-12-03 07:19:00,0,0,161,29948,10533,200,13956,5,0,74,4,4673,102,3,0,0,0,398,unknown,449,9,167,0,7,0,5,0,0,188,35
Bluegoblin7,2008-05-13 00:41:00,0,1,13,1234,195,213,344,15,0,54,18,191,115,0,0,0,0,89,unknown,451,2,8,0,0,0,0,0,0,10,6
Blueking12,2008-05-23 01:02:00,0,0,1,115,65,19,12,0,0,4,0,13,0,0,0,0,0,2,male,422,0,0,0,0,0,0,0,0,0,1
BMWSAAB,2008-05-11 09:40:00,0,0,0,5,0,0,0,0,0,0,0,5,0,0,0,0,0,0,unknown,1,0,0,0,0,0,0,0,0,0,1
Borgarde,2008-09-01 17:49:00,0,0,829,23461,4628,30,219,69,224,670,1486,532,403,669,1324,0,0,13207,unknown,799,41,8,1,1,1,1,0,0,53,54
Brianreading,2008-03-01 21:26:00,0,0,20,484,391,22,18,5,0,12,0,15,1,6,0,0,0,14,male,1054,6,24,0,0,0,0,0,0,30,1
Bugalugs13,2008-08-15 13:48:00,0,0,10,112,82,5,11,0,0,4,0,5,0,0,0,0,0,5,unknown,821,0,0,0,0,0,0,0,0,0,1
Burhan Ahmed,2008-11-12 12:37:00,0,0,32,1444,690,239,410,2,0,37,2,36,1,2,0,0,0,25,male,167,0,0,0,0,0,0,0,0,0,17
Carter,2008-05-23 14:03:00,0,0,25,713,463,15,123,0,0,6,2,89,0,0,0,0,0,15,unknown,521,15,31,0,0,5,0,0,0,51,1
Cedarvale1965-08,2008-06-16 03:15:00,0,0,4,170,55,25,56,0,0,0,0,13,0,0,0,0,0,21,unknown,6,0,0,0,0,0,0,0,0,0,1
ChuckCoke,2008-08-13 05:05:00,0,0,1,140,62,5,20,0,0,0,0,7,0,0,0,0,0,46,unknown,44,0,0,0,0,0,0,0,0,0,1
CJ2005B,2008-05-01 20:17:00,0,0,1,110,72,1,24,0,0,0,5,8,0,0,0,0,0,0,unknown,1093,0,0,0,0,0,0,0,0,0,1
Clpo13,2008-03-14 07:09:00,0,0,38,1593,834,59,380,2,1,0,0,134,6,0,0,0,0,177,male,739,10,6,0,0,1,0,0,0,17,3
Cobi,2008-03-06 03:29:00,0,0,3,695,216,77,205,0,0,3,0,176,14,1,0,0,0,3,male,251,0,0,0,0,0,0,0,0,0,13
CompuHacker,2008-05-07 00:54:00,0,0,1,287,63,135,28,5,0,4,7,23,6,0,0,0,0,16,male,833,1,2,0,0,1,0,0,0,4,6
ComputerGuy890100,2008-01-12 20:35:00,0,0,0,0,0,0,0,0,0,0,0,0,0,0,0,0,0,0,unknown,273,0,0,0,0,0,0,0,0,0,3
Conker01,2008-07-24 18:01:00,0,0,1,3,0,0,0,0,0,0,0,3,0,0,0,0,0,0,unknown,246,0,0,0,0,0,0,0,0,0,1
Coppertwig,2008-05-07 02:39:00,0,21,47,5868,1253,769,1663,0,0,181,20,633,542,1,3,0,0,803,unknown,553,11,38,0,0,4,0,0,0,53,35
Cosmic Latte,2008-06-13 08:21:00,0,0,17,4386,3522,238,263,0,0,0,0,89,7,0,0,0,0,267,unknown,524,47,49,3,3,14,4,0,0,120,2
Crash Underride,2008-02-26 11:57:00,0,0,9,1130,793,66,169,0,0,0,3,35,20,1,0,0,0,43,male,310,2,4,0,0,1,0,0,0,7,1
Cream,2008-06-24 00:10:00,0,4,0,0,0,0,0,0,0,0,0,0,0,0,0,0,0,0,unknown,104,0,0,0,0,0,0,0,0,0,13
crimsonterminator1000,2008-11-28 04:24:00,0,0,2,53,21,17,4,0,0,0,0,10,0,0,0,0,0,1,unknown,208,0,0,0,0,0,0,0,0,0,1
Cssiitcic,2008-04-18 22:06:00,0,0,4,67,40,11,5,0,0,1,0,7,0,0,0,0,0,3,unknown,6,7,39,0,2,0,0,0,0,48,1
Ctjf83,2008-03-20 05:07:00,0,1,0,0,0,0,0,0,0,0,0,0,0,0,0,0,0,0,unknown,1595,0,0,0,0,0,0,0,0,0,0
Cubs Fan,2008-07-05 08:25:00,0,0,39,2823,2111,21,527,51,0,8,0,36,1,1,0,0,0,67,unknown,1020,0,0,0,0,0,0,0,0,0,2
CWii,2008-11-04 04:25:00,0,4,16,17609,7154,1154,7101,46,1,40,7,1610,68,10,2,0,0,416,male,661,0,18,0,0,0,0,0,0,18,21
CWY2190,2008-03-20 04:59:00,0,7,28,3946,2252,153,1103,2,0,56,2,253,22,2,0,0,0,101,unknown,710,0,6,0,0,1,2,0,0,9,2
Cyclonenim,2008-04-17 20:06:00,0,4,22,1293,572,199,272,0,1,11,0,155,5,0,0,0,0,78,male,682,14,81,0,1,5,3,0,0,104,2
D-Day,2008-03-04 21:27:00,0,1,537,3661,2726,128,207,3,0,101,3,307,35,2,0,0,0,149,unknown,958,10,45,1,3,1,0,0,0,60,2
Danielaustinhall12,2008-04-22 02:13:00,0,0,4,210,115,30,36,0,0,2,0,22,1,0,0,0,0,4,unknown,45,0,0,0,0,0,0,0,0,0,1
Danielfolsom,2008-08-30 21:31:00,0,4,19,6027,2172,451,1376,1,0,278,181,602,58,0,2,0,0,906,unknown,780,7,20,0,0,2,1,0,0,30,17
Darth Mike,2008-07-28 09:04:00,0,0,5,846,621,55,67,21,0,0,3,34,1,7,0,0,0,37,male,651,9,110,0,2,1,4,0,0,126,2
Davnel03,2008-07-10 19:04:00,0,0,0,0,0,0,0,0,0,0,0,0,0,0,0,0,0,0,unknown,209,0,0,0,0,0,0,0,0,0,1
Dell970,2008-05-08 01:18:00,0,0,1,578,63,228,178,1,0,7,0,77,5,0,0,0,0,19,male,550,0,1,0,0,0,0,0,0,1,1
Dendodge,2008-02-09 20:46:00,0,0,42,1175,167,14,774,0,0,10,1,145,6,0,0,0,0,58,male,323,0,11,0,0,1,1,0,0,13,5
Derfboy,2008-07-25 18:33:00,0,0,4,25,20,1,0,0,0,0,0,4,0,0,0,0,0,0,unknown,506,0,0,0,0,0,0,0,0,0,1
Desalvionjr,2007-08-27 19:11:00,0,0,0,111,7,21,44,0,0,5,0,34,0,0,0,0,0,0,unknown,409,0,0,0,0,0,0,0,0,0,3
Dihydrogen Monoxide,2007-12-28 20:40:00,0,29,0,0,0,0,0,0,0,0,0,0,0,0,0,0,0,0,unknown,0,0,0,0,0,0,0,0,0,0,0
Dpshuler,2008-04-21 01:38:00,0,0,8,151,127,4,3,0,0,4,0,7,0,0,0,0,0,6,male,638,0,0,0,0,0,0,0,0,0,1
Dreamafter,2008-01-06 01:01:00,0,18,52,949,414,78,151,5,0,8,9,208,23,0,0,0,0,53,unknown,274,2,12,0,0,0,0,0,0,14,7
Dustihowe,2008-01-14 21:02:00,0,33,0,0,0,0,0,0,0,0,0,0,0,0,0,0,0,0,unknown,0,0,0,0,0,0,0,0,0,0,3
Dycedarg,2008-01-31 14:47:00,0,3,2,1307,816,104,256,1,0,5,0,68,9,1,0,0,0,47,male,686,3,7,0,0,0,0,0,0,10,3
Dylant07,2008-03-16 09:26:00,0,0,0,77,24,17,21,1,0,0,0,13,0,0,0,0,0,1,unknown,160,0,0,0,0,0,0,0,0,0,1
Earthbendingmaster,2008-01-30 21:54:00,0,3,0,0,0,0,0,0,0,0,0,0,0,0,0,0,0,0,unknown,0,0,0,0,0,0,0,0,0,0,0
Eastlaw,2008-12-04 20:04:00,0,1,1528,32113,24339,2597,452,5,0,451,33,344,57,1445,12,4,0,2374,male,1003,33,28,0,1,13,0,0,0,75,35
Ed Poor,2008-07-17 21:04:00,0,27,2351,23014,11721,1187,2399,19,0,214,207,1620,466,2,4,0,0,5175,male,2423,80,7,1,0,6,5,0,2,101,6
Editorofthewiki,2008-09-28 01:44:00,0,69,3075,12280,8569,351,1048,27,0,258,160,1164,89,131,2,0,0,481,male,270,91,70,1,2,6,8,0,0,178,37
Enigmaman,2008-05-28 13:53:00,0,18,20,9896,3135,339,4513,1,0,8,6,1280,328,1,0,1,0,284,unknown,465,8,124,1,7,9,3,0,0,152,1
Epbr123,2008-02-23 23:47:00,0,87,1957,5880,3266,44,705,0,0,2,0,461,77,0,0,1,0,1324,unknown,558,46,125,0,0,5,17,0,0,193,2
EricV89,2008-06-24 02:26:00,0,0,0,0,0,0,0,0,0,0,0,0,0,0,0,0,0,0,unknown,0,0,0,0,0,0,0,0,0,0,1
Erik the Red 2,2008-03-12 22:43:00,0,0,1,235,149,17,35,0,0,1,0,12,0,0,0,0,0,21,unknown,417,23,45,1,1,0,2,0,0,72,1
ESCStudent774441,2008-04-07 03:07:00,0,0,0,200,6,7,151,0,0,0,0,24,1,0,0,0,0,11,unknown,25,0,0,0,0,0,0,0,0,0,1
Etan,2008-06-30 03:56:00,0,0,9,41,16,0,2,0,0,0,0,19,0,0,0,0,0,4,unknown,1827,0,1,0,0,0,0,0,0,1,1
Everyking,2008-08-25 19:24:00,0,1,1954,79822,72267,437,1417,2,0,139,1,3342,451,11,3,9,0,1743,male,1656,189,8,0,0,0,2,0,0,199,1
EvilWendyMan,2008-09-13 12:57:00,0,0,0,0,0,0,0,0,0,0,0,0,0,0,0,0,0,0,unknown,423,0,0,0,0,0,0,0,0,0,6
Excirial,2008-07-11 19:18:00,0,2,4,14637,5723,277,7939,2,0,7,0,559,12,1,0,0,0,117,unknown,281,16,101,3,7,2,0,0,1,130,14
Fatal!ty,2008-11-21 14:09:00,0,1,31,2276,817,8,1281,1,0,9,18,103,0,0,0,0,0,39,unknown,105,1,2,0,0,0,0,0,0,3,8
Fercho85,2008-05-20 07:10:00,0,0,8,496,371,41,36,1,0,5,0,19,0,2,0,0,0,21,male,121,0,0,1,0,0,0,0,0,1,1
Gwernol,2006-06-10 14:38:00,1,16,34,8873,5246,194,2095,6,0,11,2,1051,38,21,3,4,0,202,unknown,394,28,134,2,2,2,0,0,0,168,2
Haukurth,2006-01-15 19:55:00,1,4,270,1208,641,11,123,0,0,0,0,208,95,38,0,0,0,92,unknown,909,33,47,0,1,3,1,0,0,85,1
Heah,2006-03-31 23:11:00,1,1,85,1154,686,42,179,1,0,9,0,85,14,17,2,0,0,119,unknown,380,13,27,1,0,1,1,0,0,43,1
HereToHelp,2006-03-24 23:02:00,1,1,66,2340,327,232,275,13,0,143,22,577,663,16,0,0,0,72,male,218,2,9,0,0,3,1,0,0,15,3
Herostratus,2006-06-13 20:23:00,1,9,56,2650,559,248,651,21,0,13,22,674,167,7,2,0,0,286,male,265,44,99,0,1,7,6,1,1,159,4
Jni,2005-01-14 22:42:00,1,16,111,1010,627,4,105,0,0,3,0,246,8,1,1,0,0,15,unknown,477,12,115,1,8,3,2,0,0,141,1
JoJan,2005-06-17 23:26:00,1,1,208,3047,2684,54,94,2,0,0,0,160,20,4,0,0,0,29,male,435,22,112,1,26,10,0,0,0,171,1
Josh Grosse,2005-03-07 10:43:00,1,0,719,1927,1572,11,29,2,0,2,1,48,86,16,0,0,0,160,unknown,1477,0,2,0,0,0,0,0,0,2,1
Jredmond,2005-07-09 19:31:00,1,0,16,2364,1909,50,75,0,0,2,1,160,16,0,1,0,0,150,male,622,2,14,0,0,0,0,0,0,16,1
K1Bond007,2005-08-12 19:57:00,1,0,227,10991,8570,109,506,49,0,113,20,782,156,106,1,0,0,579,unknown,739,31,129,1,2,19,6,0,0,188,1
Karmafist,2006-02-24 01:57:00,1,77,109,4790,265,173,3928,1,0,10,0,352,27,0,0,0,0,34,unknown,565,30,82,3,1,11,1,5,1,134,1
Katefan0,2005-09-05 17:35:00,1,0,80,5186,1971,125,645,4,0,5,14,1029,109,0,1,0,0,1283,unknown,298,8,83,0,0,2,3,0,1,97,1
Khaosworks,2005-04-20 16:29:00,1,0,162,4947,4205,135,74,118,0,41,0,78,61,43,1,0,0,191,unknown,372,22,47,1,8,2,4,0,0,84,1
Knowledge Seeker,2005-03-08 07:38:00,1,2,10,928,315,56,295,0,0,0,2,147,37,0,0,0,0,76,unknown,107,16,57,0,0,2,4,0,0,79,1
Linuxbeak,2005-05-31 22:58:00,1,0,6,2312,1636,149,107,0,0,1,0,362,9,4,0,0,0,44,unknown,81,2,34,1,0,0,0,0,0,37,1
Longhair,2005-07-25 06:07:00,1,0,479,11334,8217,265,1117,10,0,24,7,1504,11,111,4,0,0,64,male,329,18,50,0,2,6,11,0,0,87,1
Luigi30,2005-12-02 02:28:00,1,4,44,1768,732,160,84,9,0,6,0,730,12,0,0,0,0,35,unknown,635,0,15,0,0,3,0,0,0,18,1
Lupin,2005-08-16 16:48:00,1,0,344,8307,6076,1018,179,14,0,55,7,467,34,310,6,0,0,141,unknown,559,52,16,0,0,3,1,0,0,72,1
Madchester,2005-07-23 22:56:00,1,0,74,3053,2276,9,194,37,1,11,0,92,4,4,1,0,0,424,unknown,195,30,82,2,2,4,4,0,0,124,1
Mailer diablo,2005-03-24 11:13:00,1,3,94,2239,976,9,579,72,0,5,0,562,0,2,0,0,0,34,male,137,23,73,0,0,1,5,0,0,102,1
Malathion,2005-08-03 06:51:00,1,0,0,0,0,0,0,0,0,0,0,0,0,0,0,0,0,0,unknown,0,0,0,0,0,0,0,0,0,0,0
Mzajac,2005-06-24 15:37:00,1,0,763,5234,3630,126,112,3,5,96,176,297,164,29,2,0,0,594,unknown,382,0,10,0,0,0,0,0,0,10,1
Nandesuka,2005-09-08 21:03:00,1,1,40,2901,1435,58,227,14,0,2,0,837,48,41,0,0,0,239,unknown,166,9,97,0,1,2,0,0,0,109,1
Omegatron,2005-01-22 11:41:00,1,0,86,540,249,24,28,1,0,0,5,78,17,0,0,0,0,138,male,532,25,12,1,1,1,2,0,1,43,1
Paul August,2005-05-24 22:27:00,1,0,56,3936,1156,932,196,4,0,12,0,1372,115,0,0,0,0,149,unknown,310,50,42,2,3,4,4,1,0,106,1
Pharos,2005-03-12 05:23:00,1,0,68,1935,1203,17,96,8,0,18,11,230,42,17,3,1,0,289,unknown,164,77,50,0,1,15,3,3,0,149,1
Phils,2005-04-20 16:31:00,1,8,2,841,347,25,82,2,0,8,2,335,16,0,0,0,0,24,unknown,187,12,70,0,0,3,0,0,0,85,1
Redwolf24,2005-07-16 03:12:00,1,2,85,3430,1031,340,1594,20,3,13,4,276,14,3,0,0,0,132,unknown,88,22,36,0,0,2,2,0,0,62,1
RHaworth,2005-08-08 09:38:00,1,0,185,5822,3691,855,479,1,0,60,41,479,31,17,1,0,0,167,male,220,2,103,0,13,1,3,0,1,123,1
Rholton,2005-01-01 01:10:00,1,0,199,964,757,8,23,0,0,4,0,141,6,5,0,0,0,20,male,411,15,48,0,1,4,2,0,0,70,1
Ronline,2005-11-25 15:18:00,1,0,168,2448,1897,24,106,4,0,60,11,64,9,75,0,0,0,198,unknown,392,2,1,0,0,0,0,0,0,3,1
Sango123,2005-07-19 19:30:00,1,0,90,3234,1243,103,1334,12,0,16,0,478,15,3,0,0,0,30,unknown,113,0,0,0,0,0,0,0,0,0,1
Scimitar,2005-08-25 17:47:00,1,35,223,3200,1257,272,399,2,0,0,0,1131,7,0,0,0,0,132,unknown,113,20,104,0,3,4,9,0,0,140,1
Seabhcan,2005-05-27 17:15:00,1,0,97,1374,1088,28,38,7,1,50,13,23,12,18,2,0,0,94,unknown,444,12,3,1,1,0,1,0,0,18,1
Shanes,2005-04-22 01:48:00,1,12,27,2731,2204,31,213,0,0,2,0,170,16,9,0,1,0,85,male,155,15,44,0,4,0,0,0,0,63,1
Sundar,2005-04-01 11:15:00,1,0,16,1393,596,175,210,3,0,4,2,144,35,0,0,0,0,224,unknown,394,11,12,0,0,0,0,0,0,23,1
TheCoffee,2005-08-19 20:08:00,1,2,2680,6985,5976,59,203,52,0,146,20,278,63,18,2,0,0,168,male,255,28,97,1,4,0,2,1,0,133,1
Trilobite,2005-04-20 10:35:00,1,7,1845,4442,3068,16,160,9,1,78,4,409,15,504,0,0,0,178,unknown,330,11,129,1,4,8,1,3,0,157,1
Ugen64,2005-05-24 02:41:00,1,76,615,3760,1842,171,412,3,0,18,7,810,81,17,7,0,0,392,male,804,49,49,6,3,1,4,0,0,112,1
Uncle G,2005-07-09 20:36:00,1,0,610,7808,4115,36,260,4,0,49,39,2974,116,3,4,0,0,208,unknown,185,1,2,0,0,2,0,0,0,5,1
Worldtraveller,2005-04-26 09:36:00,1,0,163,1664,1131,0,46,9,0,11,12,266,35,7,0,0,0,147,unknown,255,2,34,0,0,0,0,0,0,36,1
Y0u,2005-06-23 10:17:00,1,0,13,1583,477,58,557,0,0,1,0,430,21,2,0,0,0,37,unknown,189,42,75,0,1,6,1,1,3,129,1
Yelyos,2005-11-15 00:34:00,1,0,36,1246,971,58,76,0,0,8,0,104,3,1,0,0,0,25,unknown,731,5,5,0,1,0,1,0,0,12,1
Zocky,2005-06-01 05:55:00,1,7,40,1408,625,44,63,0,0,12,0,214,163,4,1,0,0,282,male,961,13,11,0,2,7,0,0,0,33,1
Zscout370,2005-08-04 03:58:00,1,4,87,10358,4352,145,1760,15,8,145,15,2290,333,16,6,0,0,1273,male,361,26,69,1,0,13,1,0,0,110,1
Zzyzx11,2005-06-01 00:15:00,1,53,153,8669,4168,461,1026,50,0,130,19,2611,20,28,0,0,0,156,unknown,120,29,79,0,4,7,6,1,0,126,1
80-MAN,2005-12-10 08:42:00,0,0,9,382,331,30,0,7,0,0,0,13,0,0,0,0,0,1,unknown,525,0,0,0,0,0,0,0,0,0,1
Activision45,2005-12-11 07:04:00,0,2,5,297,70,135,19,0,0,10,0,62,0,0,0,0,0,1,unknown,3,0,0,0,0,0,0,0,0,0,1
Admiral Roo,2005-09-09 14:11:00,0,0,48,745,392,16,40,0,0,17,1,123,14,1,1,0,0,140,unknown,98,1,3,0,0,0,0,0,0,4,1
AfC,2005-06-06 08:26:00,0,0,2,357,240,38,9,0,0,3,0,56,0,0,0,0,0,11,unknown,198,19,9,0,0,0,0,0,0,28,1
Agent003,2005-07-23 18:35:00,0,0,4,362,228,43,54,0,0,0,0,30,0,0,0,0,0,7,unknown,26,0,1,0,0,0,0,0,0,1,1
AlbertR,2005-09-01 20:34:00,0,0,26,1151,586,8,82,7,0,9,0,419,1,0,0,0,0,39,unknown,51,4,102,0,6,2,2,0,0,116,1
Appleboy,2005-10-14 04:16:00,0,1,0,133,91,14,11,0,0,0,0,13,0,0,0,0,0,4,unknown,289,0,0,0,0,0,0,0,0,0,1
ari89,2005-12-24 11:34:00,0,0,39,147,74,44,9,0,0,0,0,9,0,0,0,0,0,11,unknown,169,0,0,0,0,0,0,0,0,0,1
Aytakin,2005-11-27 03:35:00,0,0,8,98,40,4,10,0,0,1,0,36,0,0,0,0,0,7,unknown,249,0,0,0,0,0,0,0,0,0,1
Bancroftian,2005-08-20 15:31:00,0,0,149,343,305,5,9,0,0,0,0,22,0,0,0,0,0,2,unknown,38,0,0,0,0,0,0,0,0,0,1
Beau99,2005-10-20 07:02:00,0,1,74,523,420,27,5,2,0,0,0,29,0,17,0,0,0,23,unknown,406,1,0,0,1,0,0,0,0,2,1
Ben Arnold,2005-08-31 03:05:00,0,0,20,802,557,0,8,0,0,11,1,42,15,2,0,0,0,166,unknown,525,1,0,0,0,0,0,0,0,1,1
Chanting Fox,2005-05-05 05:51:00,0,0,2,986,632,59,166,0,0,0,0,118,0,3,0,0,0,8,unknown,21,3,11,0,0,1,0,0,0,15,1
Aude,2006-02-15 03:45:00,1,0,43,3262,1898,13,335,15,0,35,20,333,340,13,9,1,0,250,unknown,549,16,41,1,0,3,0,0,0,61,1
CBDunkerson,2006-03-27 01:30:00,1,14,312,2746,784,536,201,43,0,283,104,404,170,9,0,0,0,212,unknown,980,33,12,0,0,3,0,0,0,48,3
Dsmdgold,2006-01-09 19:16:00,1,0,944,760,498,95,49,8,0,0,0,75,13,1,1,0,0,20,unknown,674,81,88,0,0,3,6,0,0,178,1
Husnock,2006-01-07 18:49:00,1,1,847,1122,813,40,95,7,0,4,0,50,2,0,1,0,0,110,unknown,620,18,17,2,0,2,0,0,0,39,1
JLaTondre,2006-07-04 00:57:00,1,0,38,5979,4199,87,771,1,0,13,3,699,60,55,2,0,0,89,unknown,319,9,44,1,5,3,6,0,0,68,1
Kilo-Lima,2006-04-07 14:27:00,1,3,180,3471,1977,127,423,8,0,21,3,664,13,3,0,0,0,232,male,190,2,38,1,1,4,2,0,0,48,1
Peruvianllama,2006-01-22 12:15:00,1,8,27,1467,791,102,417,0,0,1,1,116,7,1,1,0,0,30,unknown,668,6,104,1,6,6,2,2,0,127,1
Quarl,2006-02-01 20:49:00,1,0,282,9504,3911,1647,598,0,0,243,32,2705,69,23,1,1,0,274,unknown,660,1,3,0,0,0,1,0,0,5,8
